{
  "model": "qwen2.5_1.5B",
  "iterations": [
    {
      "file": "qwen2.5_1.5B_test_wp_results_iter_1.json",
      "total": 6,
      "correct": 4,
      "accuracy": 66.66666666666666,
      "math_accuracy": 66.66666666666666,
      "fact_accuracy": 0,
      "avg_latency_ms": 14327.589988708496,
      "avg_memory_mb": 0.0,
      "avg_cpu_time_ms": 2.0004999999999975,
      "avg_total_duration_ms": 14316.712373666667,
      "avg_load_duration_ms": 406.3971056666667,
      "avg_prompt_eval_count": 84.83333333333333,
      "avg_prompt_eval_duration_ms": 1237.0293833333333,
      "avg_eval_count": 313.3333333333333,
      "avg_eval_duration_ms": 12673.285884666666
    },
    {
      "file": "qwen2.5_1.5B_test_wp_results_iter_4.json",
      "total": 6,
      "correct": 5,
      "accuracy": 83.33333333333334,
      "math_accuracy": 83.33333333333334,
      "fact_accuracy": 0,
      "avg_latency_ms": 12218.865315119425,
      "avg_memory_mb": 0.0,
      "avg_cpu_time_ms": 1.1779999999999915,
      "avg_total_duration_ms": 12212.392497833333,
      "avg_load_duration_ms": 18.685198833333335,
      "avg_prompt_eval_count": 84.83333333333333,
      "avg_prompt_eval_duration_ms": 1277.8546531666666,
      "avg_eval_count": 261.3333333333333,
      "avg_eval_duration_ms": 10915.852645833334
    },
    {
      "file": "qwen2.5_1.5B_test_wp_results_iter_3.json",
      "total": 6,
      "correct": 5,
      "accuracy": 83.33333333333334,
      "math_accuracy": 83.33333333333334,
      "fact_accuracy": 0,
      "avg_latency_ms": 13266.715486844381,
      "avg_memory_mb": 0.0,
      "avg_cpu_time_ms": 1.6270000000000058,
      "avg_total_duration_ms": 13258.856392666668,
      "avg_load_duration_ms": 17.868826666666667,
      "avg_prompt_eval_count": 84.83333333333333,
      "avg_prompt_eval_duration_ms": 1281.8281058333334,
      "avg_eval_count": 279.3333333333333,
      "avg_eval_duration_ms": 11959.159460166666
    },
    {
      "file": "qwen2.5_1.5B_test_wp_results_iter_5.json",
      "total": 6,
      "correct": 4,
      "accuracy": 66.66666666666666,
      "math_accuracy": 66.66666666666666,
      "fact_accuracy": 0,
      "avg_latency_ms": 14272.217671076456,
      "avg_memory_mb": 0.0,
      "avg_cpu_time_ms": 0.9208333333333337,
      "avg_total_duration_ms": 14265.569216166667,
      "avg_load_duration_ms": 17.875682833333332,
      "avg_prompt_eval_count": 84.83333333333333,
      "avg_prompt_eval_duration_ms": 1379.0409706666667,
      "avg_eval_count": 295.6666666666667,
      "avg_eval_duration_ms": 12868.652562666668
    },
    {
      "file": "qwen2.5_1.5B_test_wp_results_iter_2.json",
      "total": 6,
      "correct": 5,
      "accuracy": 83.33333333333334,
      "math_accuracy": 83.33333333333334,
      "fact_accuracy": 0,
      "avg_latency_ms": 13651.812553405762,
      "avg_memory_mb": 0.0,
      "avg_cpu_time_ms": 1.5679999999999998,
      "avg_total_duration_ms": 13643.560844166668,
      "avg_load_duration_ms": 17.778602166666666,
      "avg_prompt_eval_count": 84.83333333333333,
      "avg_prompt_eval_duration_ms": 1257.8379728333332,
      "avg_eval_count": 298.0,
      "avg_eval_duration_ms": 12367.944269166668
    }
  ],
  "summary": {
    "total_iterations": 5,
    "avg_accuracy": 76.66666666666667,
    "std_accuracy": 9.128709291752779,
    "avg_math_accuracy": 76.66666666666667,
    "std_math_accuracy": 9.128709291752779,
    "avg_fact_accuracy": 0,
    "std_fact_accuracy": 0.0,
    "avg_latency_ms": 13547.440203030905,
    "avg_memory_mb": 0.0,
    "avg_cpu_time_ms": 1.4588666666666656,
    "avg_total_duration_ms": 13539.418264900001,
    "avg_load_duration_ms": 95.72108323333333,
    "avg_prompt_eval_count": 84.83333333333333,
    "avg_prompt_eval_duration_ms": 1286.7182171666666,
    "avg_eval_count": 289.5333333333333,
    "avg_eval_duration_ms": 12156.9789645
  }
}